"–ü–æ–∑–Ω–∞—á–∫–∞ —á–∞—Å—É","–Ø–∫ —á–∞—Å—Ç–æ –≤–∏ –ø—Ä–æ–≤–æ–¥–∏—Ç–µ —á–∞—Å –æ—Ñ–ª–∞–π–Ω?","–î–µ –≤–∏ —à—É–∫–∞—î—Ç–µ –ª–æ–∫–∞—Ü—ñ—ó –¥–ª—è –ø—Ä–æ–≥—É–ª—è–Ω–∫–∏?","–ß–∏ –∫–æ—Ä–∏—Å—Ç—É–≤–∞–ª–∏—Å—è –± –≤–∏ —Ç–µ–ª–µ–≥—Ä–∞–º –±–æ—Ç–æ–º —è–∫–∏–π –±—É–¥–µ –≤–º—ñ—â—É–≤–∞—Ç–∏ —É—Å—ñ –ª–æ–∫–∞—Ü—ñ—ó –¥–ª—è –ø—Ä–æ–≤–æ–¥–∂–µ–Ω–Ω—è —á–∞—Å—É –æ—Ñ–ª–∞–π–Ω?","–ß–∏ –º–æ–∂–µ—Ç–µ –≤–∏ –ø–æ—Ä–∞–¥–∏—Ç–µ —è–∫—ñ—Å—å –ª–æ–∫–∞—Ü—ñ—ó?"
"2022/10/01 3:33:47 –ø–ø GMT+3","–ß–∞—Å—Ç–æ","–ù–∞ –≤—É–ª–∏—Ü—ñ","–¢–∞–∫","–ë–∞—Ä"
"2022/10/01 3:35:27 –ø–ø GMT+3","–°—Ç–∞—Ä–∞—é—Å—å –Ω–∞ –∫–æ–∂–Ω–∏—Ö –≤–∏—Ö—ñ–¥–Ω–∏—Ö –∫—É–¥–∏—Å—å –≤–∏—Ö–æ–¥–∏—Ç–∏","–ù–∞ —Ä—ñ–∑–Ω–∏—Ö —Å–∞–π—Ç–∞—Ö","–¢–∞–∫",""
"2022/10/01 3:36:44 –ø–ø GMT+3","–¥–æ—Å–∏—Ç—å —á–∞—Å—Ç–æ","–≤ –≥—É–≥–ª –º–∞–ø—ñ","–¢–∞–∫","–Ω–∞ –∂–∞–ª—å –Ω—ñ "
"2022/10/01 3:37:21 –ø–ø GMT+3","–î–æ—Å—Ç–∞—Ç–Ω—å–æ","–í —ñ–Ω—Ç–µ—Ä–Ω–µ—Ç—ñ, —É –∑–Ω–∞–π–æ–º–∏—Ö","–¢–∞–∫",""
"2022/10/01 3:37:24 –ø–ø GMT+3","–î–æ—Å—Ç–∞—Ç–Ω—å–æ","–°–∞–º—ñ –∑–Ω–∞—Ö–æ–¥—è—Ç—å—Å—è","–¢–∞–∫","–ü–∞—Ä–∫ –°–ª–∞–≤–∏, –æ—Å–æ–±–ª–∏–≤–æ –ø—ñ–¥ –Ω–∏–º –∫—Ä—É—Ç–æ"
"2022/10/01 3:38:52 –ø–ø GMT+3","–¥—É–∂–µ —á–∞—Å—Ç–æ)","—è–∫–æ—Å—å —Å–∞–º–æ–º—É –ø—Ä–∏—Ö–æ–¥–∏—Ç—å—Å—è ü§®","–¢–∞–∫","–ø–æ–∫–∏ –Ω—ñ"
"2022/10/01 3:39:12 –ø–ø GMT+3","–ì—É–ª—è—é —Å –¥—Ä—É–∑—è–º–∏ –∫–æ–∂–Ω—É –Ω–µ–¥—ñ–ª—é ","–í —Ç—ñ–∫ —Ç–æ–∫—ñ","–¢–∞–∫","–ü—ñ–Ω—á—É–∫ –∞—Ä—Ç —Ü–µ–Ω—Ç—Ä"
"2022/10/01 3:44:39 –ø–ø GMT+3","–ß–∞—Å—Ç–æ ","–¢–µ–ª–µ–≥—Ä–∞–º, —ñ–Ω—Å—Ç–∞–≥—Ä–∞–º, —á–µ—Ä–µ–∑ –¥—Ä—É–∑—ñ–≤ ","–ù—ñ",""
"2022/10/01 3:52:03 –ø–ø GMT+3","–†–µ–¥–∫–æ","–ü–æ–±–ª–∏–∑–æ—Å—Ç–∏","–¢–∞–∫",""
"2022/10/01 3:52:39 –ø–ø GMT+3","–ß–∞—Å—Ç–æ","–¢–µ–ª–µ–≥—Ä–∞–º","–¢–∞–∫","–¢–∞–∫"
"2022/10/01 4:01:53 –ø–ø GMT+3","–ó–∞–ª–µ–∂–∏—Ç—å –≤—ñ–¥ –¥–Ω—è, –≥–æ–¥–∏–Ω 6","–ì—É–≥–ª, —Ä–µ–∫ —Ç—ñ–∫ —Ç–æ–∫—É,","–ù—ñ",""
"2022/10/01 4:05:32 –ø–ø GMT+3","–ù—É... –î—É–∂–µ —Å–∫–ª–∞–¥–Ω–æ —Å–∫–∞–∑–∞—Ç–∏, —è —â–µ –ø–æ–∫–∏ —â–æ –º–∞–ª–æ –∑–Ω–∞—é –ö–∏—ó–≤. –û—Ñ–ª–∞–π–Ω –ø—Ä–æ–≤–æ–∂—É —Ä—ñ–¥–∫–æ. ","–ü–æ—Ä–∞–¥–∏ –≤—ñ–¥ –¥—Ä—É–∑—ñ–≤ –∞–±–æ –≥—É–≥–ª –∫–∞—Ä—Ç–∞","–¢–∞–∫",""
"2022/10/01 4:07:02 –ø–ø GMT+3","–ö–æ–∂–Ω–æ–≥–æ –¥–Ω—è","–£ —Å–æ—Ü–º–µ—Ä–µ–∂–∞—Ö","–¢–∞–∫",""
"2022/10/01 4:30:52 –ø–ø GMT+3","0","–î–µ –Ω–µ–±—É–¥—å","–¢–∞–∫","–ê–∫–∞–¥–µ–º"
"2022/10/01 4:31:04 –ø–ø GMT+3","–ß–∞—Å—Ç–æ","–í –ö–∏—î–≤—ñ","–¢–∞–∫","–ß–µ—Å—Ç–Ω–æ –∫–∞–∂—É—á–∏ –Ω–µ –∑–Ω–∞—é"
"2022/10/01 4:51:00 –ø–ø GMT+3","—è –¥–∏–≤–ª—é—Å—å –∞–Ω—ñ–º–µ","–≥—É–≥–ª –∫–∞—Ä—Ç–∏","–¢–∞–∫","–Ω—ñ, —è —Ö—ñ–∫–∫–∞"
"2022/10/01 5:03:59 –ø–ø GMT+3","–ù–∞–º–∞–≥–∞—é—Å—å –≤–∏—Ö—ñ–¥–Ω—ñ –ø—Ä–æ–≤–æ–¥–∏—Ç–∏ –æ—Ñ–ª–∞–π–Ω.","–ß–∞—Å—Ç—ñ—à–µ –π–¥–µ –≤–∂–µ –≤ –º—ñ—Å—Ü—è —â–æ –∑–Ω–∞—é.","–¢–∞–∫","–î–≤–æ—Ä–∏–∫ –∑ –≤–æ—Ä–æ–Ω–∞–º–∏ –Ω–∞ –†–µ–π—Ç–∞—Ä—Å—å–∫—ñ–π (–ó–æ–ª–æ—Ç—ñ –í–æ—Ä–æ—Ç–∞)"
"2022/10/01 5:49:16 –ø–ø GMT+3","–ß–∞—Å—Ç–æ","–ì—É–≥–ª","–¢–∞–∫",""
"2022/10/01 5:55:14 –ø–ø GMT+3","–Ü–Ω–æ–¥—ñ","–Ü–Ω—Ç–µ—Ä–Ω–µ—Ç, –ø–æ—Ä–∞–¥–∏ –¥—Ä—É–∑—ñ–≤","–¢–∞–∫",""
"2022/10/01 6:10:48 –ø–ø GMT+3","4 –≥–æ–¥–∏–Ω–Ω–∏ —É –¥–µ–Ω—å ","Google maps , —ñ–Ω—Å—Ç–∞–≥—Ä–∞–º ","–¢–∞–∫","–ó–æ–ª–æ—Ç—ñ –≤–æ—Ä–æ—Ç–∞ ; –í–µ–∂–∞ Octo Tower –Ω–∞  –ö–ª–æ–≤—Å—å–∫—ñ–π"
"2022/10/01 6:36:18 –ø–ø GMT+3","5 –≥–æ–¥–∏–Ω","–ù—ñ–¥–Ω","–¢–∞–∫","–°—Ç–∞—Ä–æ–∫–æ—Å—Ç—è–Ω—Ç–∏–Ω—ñ–≤"
"2022/10/01 6:39:03 –ø–ø GMT+3","–î—É–∂–µ —Ä—ñ–¥–∫–æ","–ü—Ä–æ–ø–æ–Ω—É—é—Ç—å –¥—Ä—É–∑—ñ","–ù—ñ",""
"2022/10/01 6:41:55 –ø–ø GMT+3","–î–∞","–í–µ–∑–¥–µ","–ù—ñ","–ü–∏—à–∏—Ç–µ –≤ –ª–∏—á–∫—É @_h.s.s.h_"
"2022/10/01 6:46:17 –ø–ø GMT+3","–ú–µ–Ω—à–µ –ø–æ–ª–æ–≤–∏–Ω–∏ –¥–Ω—è, –∞–±–æ —Ü—ñ–ª–∏–π –¥–µ–Ω—å, —è–∫—â–æ –∑ –¥—Ä—É–∑—è–º–∏ <3","–í –ö–∏—î–≤—ñ","–¢–∞–∫","–ì–æ–ª–æ—Å—ñ—ó–≤—Å—å–∫–∏–π –ø–∞—Ä–∫"
"2022/10/01 6:47:36 –ø–ø GMT+3","–±—ñ–ª—å—à–µ 20-—Ç–∏ –≥–æ–¥–∏–Ω","–æ–Ω–ª–∞–π–Ω","–¢–∞–∫",""
"2022/10/01 6:48:12 –ø–ø GMT+3","5–≥–æ–¥–∏–Ω","–¢–∞–º –¥–µ –±—ñ–ª—å—à–µ –ª—é–¥–µ–π","–¢–∞–∫","–ù—ñ"
"2022/10/01 6:48:21 –ø–ø GMT+3","–∫–æ–∂–Ω–æ–≥–æ –¥–Ω—è","—Ä–µ–∫–æ–º–µ–Ω–¥–∞—Ü—ñ—ó —Ç—ñ–∫ —Ç–æ–∫ ","–¢–∞–∫",""
"2022/10/01 6:50:23 –ø–ø GMT+3","–ë—ñ–ª—å—à—ñ—Å—Ç—å —Å–≤–æ–≥–æ –≤—ñ–ª—å–Ω–æ–≥–æ —á–∞—Å—É –ø—Ä–æ–≤–æ–¥–∂—É –æ—Ñ–ª–∞–π–Ω","–ô–¥—É —É —Å–≤–æ—ó —É–ª—é–±–ª–µ–Ω—ñ –º—ñ—Å—Ü—è","–ù—ñ","–ù—ñ"
"2022/10/01 6:57:32 –ø–ø GMT+3","–ù–∏–∫–æ–≥–¥–∞","–ù–∞ –±–æ–º–±–∞—Å–µ","–ù—ñ","–ë–æ–º–±–∞—Å, –ï–Ω–∞–∫–∏–µ–≤–æ"
"2022/10/01 7:05:33 –ø–ø GMT+3","–∑–∞–≤–∂–¥–∏ –æ–Ω–ª–∞–π–Ω","–ø–∞—Ä–∫–∏ —Ç–∞ —Å–∫–≤–µ—Ä–∏","–ù—ñ","–ë—ñ—Å –ø–æ–Ω—è—Ç—Ç—è, —É –∫–æ–∂–Ω–æ–≥–æ —Å–≤–æ—ó –ø—Ä–∏–Ω—Ü–∏–ø–∏ —Ç–∞ –ø–µ—Ä–µ–≤–∞–≥–∏ –¥–ª—è –≥—É–ª—è–Ω–Ω—è, –∞–ª–µ –º–µ–Ω—ñ –±—ñ–ª—å—à–µ –ø–æ–¥–æ–±–∞—î—Ç—å—Å—è –≤ –º—ñ—Å—Ü—è—Ö –¥–µ –º–∞–ª–æ –ª—é–¥–µ–π "
"2022/10/01 7:10:57 –ø–ø GMT+3","–ó 24 –≥–æ–¥–∏–Ω –¥–µ—Å—å –≥–æ–¥–∏–Ω 10-18","–ß–µ—Ä–µ–∑ –¥—Ä—É–∑—ñ–≤ –∞–±–æ —Å–æ—Ü. –º–µ—Ä–µ–∂—ñ ","–¢–∞–∫","–¢–∞–∫"
"2022/10/01 7:15:47 –ø–ø GMT+3","–∑–∞–≤–∂–¥–∏","–¥–∞–π–≤—ñ–Ω—á—ñ–∫","–¢–∞–∫","–≥—É–ª–ª—ñ–≤–µ—Ä"
"2022/10/01 7:20:46 –ø–ø GMT+3","—Ä—ñ–¥–∫–æ","–ø–æ–±–ª–∏–∑—É –º—ñ—Å—Ü—è –ø—Ä–æ–∂–∏–≤–∞–Ω–Ω—è","–¢–∞–∫","–Ω–∞–±–µ—Ä–µ–∂–Ω–∞"
"2022/10/01 7:24:40 –ø–ø GMT+3","–¥–æ—Å—Ç–∞—Ç–Ω—å–æ, –∞–±–∏ –±—É—Ç–∏ –∑–∞–¥–æ–≤–æ–ª–µ–≥–∏–º","–≤ —Ç—ñ–∫—Ç–æ—Ü—ñ, —Ä–µ–∫–æ–º–µ–Ω–¥–∞—Ü—ñ—ó –≤—ñ–¥ –ª—é–¥–µ–π, —Å–∞–º –∑–Ω–∞—é –¥–µ—è–∫—ñ –º—ñ—Å—Ü—è","–¢–∞–∫","–ü–∞—Ä–∫ –¢–µ—Ä–µ–º–∫–∏, –ø–∞—Ä–∫ –ù–∞—Ç–∞–ª–∫–∏ –ü–æ–ª—Ç–∞–≤–∫–∏"
"2022/10/01 7:24:52 –ø–ø GMT+3","–ü–æ—Å—Ç—ñ–π–Ω–æ","–£ –¥—Ä—É–∑—ñ–≤","–ù—ñ","–ù—ñ"
"2022/10/01 7:26:33 –ø–ø GMT+3","–ö–æ–∂–Ω–∏–π –¥–µ–Ω—å ","–ù–µ –≥—É–ª—è—é","–¢–∞–∫","–ù—ñ"
"2022/10/01 7:29:08 –ø–ø GMT+3","–ú–∞–π–∂–µ –ø–æ—Å—Ç—ñ–π–Ω–æ","–Ü–Ω—Ç–µ—Ä–Ω–µ—Ç, –¥—ñ–∑–Ω–∞—é—Å—è —á–µ—Ä–µ–∑ –∑–Ω–∞–π–æ–º–∏—Ö, –ø—Ä–æ—Å—Ç–æ —à—É–∫–∞—é —Å–∞–º–∞ —Ü—ñ–∫–∞–≤—ñ –º—ñ—Å—Ü—è ","–¢–∞–∫",""
"2022/10/01 7:41:33 –ø–ø GMT+3","5-6 –ì–æ–¥–∏–Ω ","–ü–∏—Ç–∞—é –≤ –ª—é–¥–µ–π –∞–±–æ –≤ —ñ–Ω—Ç–µ—Ä–Ω–µ—Ç—ñ ","–¢–∞–∫","–û–≥–ª—è–¥–æ–≤–∏–π –º–∞–π–¥–∞–Ω—á–∏–∫ –Ω–∞ 270 –≥—Ä–∞–¥—É—Å—ñ–≤"
"2022/10/01 7:44:57 –ø–ø GMT+3","–ö–æ–∂–µ–Ω –≤–µ—á—ñ—Ä ","–£ —Å–≤–æ—î–º—É –º—ñ—Å—Ç—ñ, –ø–æ—Ö—ñ–¥ –¥–æ –º–∞–≥–∞–∑–∏–Ω—É","–¢–∞–∫","–í –≥–æ—Ä–∞—Ö –∫—Ä—É—Ç–æ"
"2022/10/01 7:57:44 –ø–ø GMT+3","24/7","–•–∑","–¢–∞–∫","–ù—ñ( —Å–æ—Ä—è–Ω"
"2022/10/01 8:07:39 –ø–ø GMT+3","–î–æ—Ö—É—è ","–ù–µ –≥–¥–µ","–¢–∞–∫","–î–∞ –¥–æ–ª–∏–Ω—Å–∫–∞ –ö–∏—Ä–∏–≤–æ–≥—Ä–∞–¥—Å—å–∫–∞ –æ–±–ª–∞—Å—Ç–∏ "
"2022/10/01 8:10:37 –ø–ø GMT+3","4-5 –Ω–æ–¥–∏–Ω –≤ –¥–µ–Ω—å ","–í —ñ–Ω—Ç–µ—Ä–Ω–µ—Ç—ñ, –∑–∞–ø–∏—Ç—É—é –≤ –∑–Ω–∞–π–æ–º–∏—Ö","–¢–∞–∫","–ö–∏—ó–≤—Å—å–∫–µ –º–æ—Ä–µ, –∑–µ–ª–µ–Ω–∏–π —Ç–µ–∞—Ç—Ä, –∞—É–¥—ñ–æ–≤—ñ–∑—É–∞–ª—å–Ω–∞ —ñ–Ω—Å—Ç–∞–ª—è—Ü—ñ—è ""–î–∑–µ—Ä–∫–∞–ª—å–Ω–µ –ø–æ–ª–µ"" –≤ —É—Ä–æ—á–∏—â—ñ –ë–∞–±–∏–Ω –Ø—Ä"
"2022/10/01 8:13:50 –ø–ø GMT+3","–†—ñ–¥–∫–æ","–Ü–Ω—Ç–µ—Ä–Ω–µ—Ç ","–¢–∞–∫",""
"2022/10/01 8:21:13 –ø–ø GMT+3","–ë—ñ–ª—å—à–µ –Ω—ñ–∂ –æ–Ω–ª–∞–π–Ω","Google Maps","–¢–∞–∫",""
"2022/10/01 8:36:28 –ø–ø GMT+3","0","–í–¥–æ–º–∞","–¢–∞–∫","–ù—ñ"
"2022/10/01 8:58:12 –ø–ø GMT+3","–ß–∞—Å—Ç–æ","–í —ñ–Ω—Ç–µ—Ä–Ω–µ—Ç—ñ ","–¢–∞–∫","–ú–∞—Ä—ñ—ó–Ω—Å—å–∫–∏–π –ø–∞—Ä–∫"
"2022/10/01 9:01:58 –ø–ø GMT+3","–ö–æ–∂–µ–Ω –¥–µ–Ω—å","–í –º—ñ—Å—Ç—ñ","–¢–∞–∫","–ü–∞—Ä–∫"
"2022/10/01 9:18:51 –ø–ø GMT+3","–ø–æ—Å—Ç—ñ–π–Ω–æ","–∫—É–¥–∏ –æ—á—ñ –≥–ª—è–¥—è—Ç—å","–¢–∞–∫","–Ω—ñ"
"2022/10/01 9:20:04 –ø–ø GMT+3","–ö–∞–∂–¥—ã–π –¥–µ–Ω—å –ø–æ —á–∞—Å—É","–•–æ–∂—É –∏ –∏–¥—É","–¢–∞–∫","–ñ–ö –§—Ä–∞–Ω—Ü—É–∑—Å–∫–∏–π –ö–≤–∞—Ä—Ç–∞–ª 2 (–≤–∞–∂–Ω–æ –∏–º–µ–Ω–Ω–æ –≤—Ç–æ—Ä–æ–π)"
"2022/10/01 9:23:09 –ø–ø GMT+3","–ü—Ä–æ–≥—É–ª—é—é—Å—å","–ù–∞ –∫–∞—Ä—Ç–∞—Ö","–ù—ñ","–ë–∞–±–∏–Ω —è—Ä, —Ü—ñ–∫–∞–≤–µ –º—ñ—Å—Ü–µ, –∑ –≥–∞—Ä–Ω–∏–º –ø–∞—Ä–∫–æ–º"
"2022/10/01 9:26:52 –ø–ø GMT+3","4-5 —Ä–∞–∑ –Ω–∞ –Ω–µ–¥–µ–ª—é","–≥—É–ª—è—é –Ω–∞ –±–µ—Ä–µ—Å—Ç–µ–π—Å–∫–æ–π","–¢–∞–∫",""
"2022/10/01 9:34:19 –ø–ø GMT+3","–ö–æ–∂–Ω–æ–≥–æ –¥–Ω—è","–í –Ü–Ω—Ç–µ—Ä–Ω–µ—Ç—ñ","–¢–∞–∫",""
"2022/10/01 9:59:13 –ø–ø GMT+3","–î–æ—Å–∏—Ç—å —á–∞—Å—Ç–æ","–ü–∏—Ç–∞—é –≤ —Ç–∏—Ö, —Ö—Ç–æ –±—ñ–ª—å—à–µ –∑–Ω–∞—î –º—ñ—Å—Ü–µ–≤—ñ—Å—Ç—å","–¢–∞–∫","–ü–æ—à—Ç–æ–≤–∞ –ø–ª–æ—â–∞"
"2022/10/01 10:12:09 –ø–ø GMT+3","–ª–∏—à–µ —É —Ä–æ–±–æ—á—ñ –¥–Ω—ñ ","–ø—Ä–æ–ø–æ–∑–∏—Ü—ñ—ó –Ω–∞ —Ä—ñ–∑–Ω–∏—Ö –ø–ª–∞—Ç—Ñ–æ—Ä–º–∞—Ö ","–¢–∞–∫","–ù–°–ö –û–ª—ñ–º–ø—ñ–π—Å—å–∫–∏–π, –ó–æ–ª–æ—Ç—ñ –í–æ—Ä–æ—Ç–∞, –ú–∞–π–¥–∞–Ω, –ö–æ–Ω—Ç—Ä–∞–∫—Ç–æ–≤–∞ –ü–ª–æ—â–∞ "
"2022/10/01 10:25:08 –ø–ø GMT+3","—Å–ª—É—à–∞—é –≥—Ä—É–ø–ø—É Ghost ","–Ω–∞ —É–ª–∏—Ü–µ ","–¢–∞–∫","–Ω–µ—Ç "
"2022/10/01 10:50:08 –ø–ø GMT+3","–î—É–∂–µ —á–∞—Å—Ç–æ","–ù–µ –≥—É–ª—è—é –æ—Å—Ç–∞–Ω–Ω—ñ–º —á–∞—Å–æ–º ","–¢–∞–∫","–ù—ñ"
"2022/10/01 11:21:51 –ø–ø GMT+3","6 –≥–æ–¥–∏–Ω","–í —ñ–Ω—Ç–µ—Ä–Ω–µ—Ç—ñ, –≤ —Ä—ñ–∑–Ω–∏—Ö —Å–æ—Ü—ñ–∞–ª—å–Ω–∏—Ö –º–µ—Ä–µ–∂–∞—Ö","–¢–∞–∫",""
"2022/10/01 11:32:09 –ø–ø GMT+3","—á–∞—Å—Ç–æ, –ª—é–±—á–∏–∫—É, –¥—É–∂–µ —á–∞—Å—Ç–æ ","–∑–∞–∑–≤–∏—á–∞–π –º–µ–Ω—ñ —Ä–∞–¥—è—Ç—å —Ü—ñ–∫–∞–≤—ñ –º—ñ—Å—Ü—è –¥—Ä—É–∑—ñ/–∑–Ω–∞–π–æ–º—ñ ","–¢–∞–∫","—Ö–æ—Ä–æ–±—Ä–æ–≥–æ 5 "
"2022/10/01 11:35:18 –ø–ø GMT+3","–†—ñ–¥–∫–æ","–í—ñ–¥ –¥—Ä—É–∑—ñ–≤ —Ç–∞ –∑ —Å–æ—Ü.–º–µ—Ä–µ–∂","–ù—ñ","–ù—É"
"2022/10/02 12:47:46 –¥–ø GMT+3","–ú–µ–Ω—à—É —á–∞—Å—Ç–∏–Ω—É —á–∞—Å—É ","–ü–æ —Ä—ñ–∑–Ω–æ–º—É , –±—ñ–ª—å—à—ñ—Å—Ç—å –∑–Ω–∞–π–æ–º—ñ –º—ñ—Å—Ü—è —ñ —ó—Ö –Ω–µ –ø–æ—Ç—Ä—ñ–±–Ω–æ —à—É–∫–∞—Ç–∏ )","–¢–∞–∫","–•—Ä–µ—â–∞—Ç–∏–∫ , –º–∞–π–¥–∞–Ω , –ø–∞—Ä–∫ )"
"2022/10/02 1:48:24 –¥–ø GMT+3","–≤ —Å–≤–æ–±–æ–¥–Ω—ã–µ –æ—Ç —É—á–µ–±—ã –∏ —Ä–∞–±–æ—Ç—ã –¥–Ω–∏ —Å—Ç–∞—Ä–∞—é—Å—å –≤—ã—Ö–æ–¥–∏—Ç—å –∫—É–¥–∞-—Ç–æ –ø—Ä–æ–≥—É–ª—è—Ç—å—Å—è ","–¥—Ä—É–∑—å—è/—Å–ø—Ä–∞—à–∏–≤–∞—é –≤ —Å—Ç–æ—Ä–∏ –≤ –ª—é–¥–µ–π –∫—É–¥–∞ –º–æ–∂–Ω–æ –ø–æ–π—Ç–∏","–¢–∞–∫","—à–ª—é–∑–∏, –∞–∑–µ–∞–∞–∞ "
"2022/10/02 1:50:30 –¥–ø GMT+3","–ö–æ–∂–µ–Ω –¥–µ–Ω—å","–ù–µ —à—É–∫–∞—é","–¢–∞–∫",""
"2022/10/02 3:48:31 –¥–ø GMT+3","14-+ –≥–æ–¥–∏–Ω ","–∑–Ω–∞—é –∫—É–¥–∏ –π—Ç–∏ ","–¢–∞–∫","–Ω—ñ"
"2022/10/02 8:37:11 –¥–ø GMT+3","–†–∞–±–æ—Ç–∞—é  —Å —Ç–µ–ª–µ—Ñ–æ–Ω–æ–º ","–ù–µ–∫–æ–≥–¥–∞ ","–¢–∞–∫","–°–µ–π—á–∞—Å –≤ –•–∞—Ä—å–∫–æ–≤–µ –≤–æ–æ–±—â–µ –Ω–µ –±–µ–∑–æ–ø–∞—Å–Ω–æ –≥—É–ª—è—Ç—å "
"2022/10/02 10:45:42 –¥–ø GMT+3","–ú–∞–π–∂–µ –∫–æ–∂–Ω–æ–≥–æ –¥–Ω—è","–ù–∞ —Ä–∞–Ω–¥–æ–º","–ù—ñ","–ö—Ä–∞—â–æ—ó —â–µ –Ω–µ –∑–Ω–∞–π—à–ª–∏ "
"2022/10/02 11:08:44 –¥–ø GMT+3","–†—ñ–¥–∫–æ","–ö–∞—Ä—Ç—ñ","–¢–∞–∫","–î–∞"
"2022/10/02 11:22:09 –¥–ø GMT+3","–î—É–∂–µ —á–∞—Å—Ç–æ","–í —ñ–Ω—Ç–µ—Ä–Ω–µ—Ç—ñ, –ø–æ —Ä–µ–∫–æ–º–µ–Ω–¥–∞—Ü—ñ—è–º –∑–Ω–∞–π–æ–º–∏—Ö","–¢–∞–∫",""
"2022/10/02 11:49:14 –¥–ø GMT+3","70% –æ–Ω–ª–∞–π–Ω","–î—Ä—É–∑—ñ —Ä–æ–∑–ø–æ–≤—ñ–¥–∞—é—Ç—å/—ñ–Ω—Ç–µ—Ä–Ω–µ—Ç","–¢–∞–∫","–ù—ñ, –Ω–µ –º—ñ—Å—Ü–µ–≤–∏–π"
"2022/10/02 12:59:37 –ø–ø GMT+3","3-6 –≥–æ–¥–∏–Ω ","–î—Ä—É–∑—ñ –≤–æ–¥—è—Ç—å –∑–∞–≤–∂–¥–∏ ","–ù—ñ","–≤–æ—î–Ω—Ç–æ—Ä–≥ —á–∏ –º—É–∑–µ–π "
"2022/10/02 2:24:05 –ø–ø GMT+3","–ë–ª–∏–∑—å–∫–æ 5 –≥–æ–¥–∏–Ω","–í –ì—É–≥–ª –º–∞–ø—Å","–¢–∞–∫","–ù—ñ"